Name,Emilie Dubois,Lars Neumann,Sara Al-Mutairi,Tags
Spending habits,"Invests in digital marketing, supply chain, and inventory management","High R&D investment, limited marketing spend",Invests in digital marketing and customer support tools,Behavioural
"Age, Gender ","37, Female","45, Male","31, Female",Demographics
Place,"Paris, France","Berlin, Germany","Dubai, UAE",Geographics
Personality,"Creative, detail-oriented, pragmatic","Analytical, methodical, visionary","Ambitious, data-driven, resilient",Psychographic
Demeanor,"Practical, hands-on leader","Reserved, highly focused on technical depth","Confident, results-oriented",Identifiers
Primary Goal,Improve operational efficiency by reducing supply chain costs by 20%,Secure strategic partnerships and funding from tech-focused investors,Enter the European market within the next year,Goals
Primary Challenge,Managing supply chain logistics and inventory turnover efficiently,Finding investors and partners who understand the complexity and potential of deep-tech solutions,Navigating the complexities of entering a new market with different regulations and customer behaviors,Challenges
Top Concern,Inventory mismanagement leading to overstock or stockouts,Partnering with investors who push for unrealistic commercial timelines,"Misjudging the European market demand, leading to failed expansion",Major Fears
Negative Habits,Reluctant to delegate operational tasks,Tends to prioritize research over commercialization,Overextends resources without clear ROI tracking,Negative Info
What We Can Do?,"• Help achieve goals by providing fractional COOs and supply chain experts who specialize in e-commerce
• Overcome challenges by offering tailored operational strategies and efficiency optimization","• Help achieve goals by providing access to fractional CFOs and investor relations experts who specialize in deep-tech funding
• Overcome challenges by offering leadership in team management and strategic commercialization","• Help achieve goals by providing fractional CMOs and COOs with international expansion experience, especially in the European market
• Overcome challenges by offering localized expertise and go-to-market (GTM) strategies from seasoned CXOs",What and Why?
Income,"$80,000 per year","$120,000 per year","$90,000 per year",Demographics
"Education ",Bachelor’s in Fashion Merchandising,Ph.D. in Quantum Computing,Master's in Business Administration,Demographics
Ethnicity,Caucasian,Caucasian,Arab,Demographics
Marital Status,Single,Married,Single,Demographics
Household (or business) Size,1,3,1,Demographics
"Length of Residence, Type of Residence",Urban for 10 years,Urban for 12 years,Urban for 6 years,Demographics
Profession/Occupation,CEO and Founder of an E-Commerce Platform,Founder and CTO of a Deep-Tech Startup,CEO and Co-Founder of a SaaS company,Demographics
Nature of Business,E-Commerce (Fashion and Accessories),Quantum Computing and AI,SaaS for EdTech,Geographics
Purchase Habits,Opts for tools that streamline operations and logistics,Prefers research tools and cloud infrastructure services,Prefers scalable software solutions with proven ROI,Behavioural
Browsing Habits,Reads fashion business blogs and e-commerce reports,Follows scientific journals and deep-tech forums,Reads MENA startup news portals and attends regional tech summits,Behavioural
Decision making,Driven by operational data and inventory turnover rates,Relies heavily on academic research and peer validation,Relies on regional market trends and customer feedback,Behavioural
Occasion,Actively improving operational efficiency and expanding product lines,Seeking strategic partners and investors for Series A,Focused on expanding beyond the Middle East to Europe,Behavioural
Usage Frequency,"Regular use of analytics, supply chain, and CRM tools",Daily use of research collaboration tools,Frequent use of analytics and growth tools,Behavioural
Benefit Sought,"Operational optimization, cost reduction","Strategic funding, technical mentorship, and industry partnerships",Strategic market entry and expansion support,Behavioural
Lifestyle,Highly active in the local fashion and e-commerce scene,"Balances work and family, highly engaged in research activities","Highly networked, frequently attends industry events",Psychographic
Social Status,Known for innovative e-commerce strategies,Influential in the European deep-tech community,Well-connected in MENA startup communities,Psychographic
Attitude,Cautious about cash flow and profitability,Skeptical about investors without technical background,Open to new opportunities but cautious about scaling too quickly,Psychographic
Activity,Participates in fashion trade shows and online retail summits,Regularly speaks at tech conferences and publishes research,"Engages in partnerships, expansion strategies, and funding rounds",Psychographic
Communication Preferences,"Prefers brief, actionable insights",Prefers detailed technical discussions,Prefers direct communication (email and video calls),Identifiers
Strong Points,"Brand building, customer experience","Technical innovation, research management","Growth strategy, customer acquisition",Identifiers
Secondary Goal,Expand product lines without increasing operational overhead,Expand the research team to accelerate product development,Raise Series A funding to support expansion efforts,Goals
Secondary Challenge,Finding leadership experienced in optimizing e-commerce operations,Managing a diverse team of researchers and engineers,Finding leadership experienced in international expansion,Challenges
Major Fear,Rising operational costs reducing profitability margins,Losing control over the deep-tech vision due to external pressures,Burning through cash reserves without achieving significant traction in new markets,Major Fears
Weak Points,Limited experience in scaling operational processes,Limited experience in scaling a business and market fit,Limited experience in cross-border marketing and sales,Negative Info
About Goals,We need to optimize our operations to scale profitably.,We need investors who understand the depth and potential of our technology.,"Expanding into Europe is our next big step, but we need the right strategy and leadership to succeed.",Real Quotes & Objections
About Challenges,Balancing inventory and cash flow is always a tightrope walk.,Balancing research and business development is a constant challenge.,Understanding and adapting to new customer behaviors and regulations is tough.,Real Quotes & Objections
Marketing Message,"Strategix offers e-commerce startups like yours access to seasoned operational leaders who specialize in optimizing supply chains, reducing costs, and scaling efficiently without compromising on customer experience.","Strategix connects you with investors who understand deep-tech and the value of long-term research, alongside seasoned leaders who can bridge the gap between tech innovation and market readiness.","Strategix connects Middle Eastern startups with seasoned CXOs who have successfully led expansions into European markets, ensuring strategic growth and minimized risk.",Marketing & Sales
Elevator Pitch,"At Strategix, we provide e-commerce startups with on-demand access to CXOs who have a track record of driving operational efficiency, enabling you to scale profitably and sustainably","At Strategix, we help deep-tech startups like yours find strategic partners and seasoned leaders to align your technological innovation with scalable business strategies.","Strategix offers you access to experienced leaders with proven expertise in international market expansion, helping you enter new territories confidently and strategically.",Marketing & Sales
Common Objections,How will Strategix ensure the CXOs understand our unique operational challenges and align with our growth strategies?,How does Strategix ensure the right investors are approached for our deep-tech needs?,Can your CXOs provide hands-on guidance specific to entering the European market?,Real Quotes & Objections
What They Are Looking For?,European E-Commerce Startup Founder Focused on Operational Efficiency,European Deep-Tech Startup Founder Seeking Strategic Funding and Partnerships,Middle Eastern SaaS Startup Founder Looking for Market Expansion,What and Why?
Business Name,Chic & Co.,QuantumQube,EduLeap,Geographics
