Name,InnovateSoft,QuantumForge AI,StyleNest,Tags
How do they look like?,Early-Stage SaaS Startup Focused on Product-Market Fit and International Expansion,Growth-Stage Deep-Tech Startup Focused on Scaling R&D and Commercialization,Mature E-Commerce Startup Focused on Operational Excellence and Cost Efficiency,Info
Age in Operations,2 years,5 Years,8 Years,Demographic
Location,"Dubai, UAE","Berlin, Germany","Paris, France",Geographics
Spending Habits,Invests heavily in product development and user acquisition,"High R&D expenditure, selective marketing investment",Invests in supply chain management and customer experience platforms,Behavioral
Personality,"Ambitious, growth-driven, agile","Innovative, research-focused, highly technical","Practical, efficiency-focused, customer-centric",Psychographic
Demeanor,"Proactive, results-oriented","Analytical, methodical","Pragmatic, goal-oriented",Identifiers
Primary Goal,Achieve product-market fit in Europe within 12 months,Scale R&D teams and capabilities to accelerate product development,Reduce supply chain costs by 15% without compromising customer experience,Goals
Primary Challenge,Lack of leadership experience in European market entry,Finding leadership that understands both deep-tech innovation and market needs,Balancing cost reduction with maintaining or enhancing customer satisfaction,Challenges
Top Concern,Expanding too quickly without understanding local market dynamics,Misalignment between R&D focus and market demands,Supply chain disruptions affecting delivery times and customer loyalty,Major Fears
Negative Habits,Over-reliance on founder decision-making,Over-prioritizing research over business development,Reluctance to invest in new supply chain technologie,Negative Info
About Goals,We need to adapt our product and go-to-market strategy to fit European customer needs.,"Our technology is ahead of the curve, but we need the right strategy to bring it to market",We need to streamline our supply chain to continue growing profitably.,Real Quotes
To Help Achieve Goals,Provide access to fractional CMOs and COOs with experience in SaaS and European market entry,Provide fractional CTOs and CPOs with expertise in deep-tech commercialization,Provide fractional COOs and supply chain experts who specialize in e-commerce and logistics optimization,What and How?
Marketing Message,Strategix connects early-stage SaaS startups with seasoned CXOs who have a proven track record in achieving product-market fit and leading international expansions.,Strategix connects deep-tech startups with experienced CXOs who specialize in scaling R&D teams and bridging the gap between technological innovation and market success.,"Strategix connects mature e-commerce startups with operational leaders who specialize in optimizing supply chains, reducing costs, and enhancing customer experience to drive sustainable growth.",Marketing & Sales
Company Stage,Early-stage startup (Seed to Series A),Growth-stage startup (Series B),Mature startup (Series C),Info
Founder Name,Alex,Drashty,Themeetpatel,Info
Size,10-30 employees,50-100 employees,150-300 employees,Demographic
Funding,"Seed funding secured, currently raising Series A","Series B funding secured, preparing for Series C","Series C funding secured, profitable",Demographic
Type of Business,B2B SaaS for Education,Deep-tech (Quantum Computing and AI),E-commerce (Fashion and Lifestyle),Demographic
Primary Market,MENA region,"DACH region (Germany, Austria, Switzerland)","Europe (France, Italy, Spain)",Geographics
Expansion Goals,"Enter European markets (Germany, France, UK)",Expand into North America and Asia-Pacifi,Expand logistics and operations across the EU,Geographics
Purchase Habits,"Focus on scalable, ROI-driven solutions (analytics, CRM, cloud services)","Invests in specialized research tools, cloud infrastructure, and technical talent",Seeks tools that drive efficiency and reduce operational costs,Behavioral
Decision Making,Founder-driven but influenced by investor advices,"Data-driven, consensus-based among senior leadership","Data-centric, driven by operational KPIs",Behavioral
Benefit Sought,Strategic leadership for product-market fit and expansion strategies,Leadership to balance R&D and commercial expansion,"Operational optimization, cost efficiency, and supply chain management",Behavioral
Culture,"Innovative, lean operations, data-driven decision making",Research-oriented with an emphasis on cutting-edge innovation,Collaborative with a strong focus on customer satisfaction,Psychographic
Challenges,"Innovative, lean operations, data-driven decision making",Bridging the gap between technical innovation and market readiness,Managing logistics efficiently while expanding product lines,Psychographic
Communication Preferences,"Direct communication with clear, actionable insights","Technical, detail-oriented discussions","Prefers concise, data-backed insights",Identifiers
Strong Points,"Technical innovation, user-focused product development","R&D excellence, strong patent portfolio","Customer experience, brand development",Identifiers
Secondary Goals,Raise Series A funding to support international expansion,Commercialize solutions effectively to penetrate new markets,Expand warehouse and logistics capabilities to support product diversification,Goals
Secondary Challenges,Limited resources to scale operations without sacrificing quality,Aligning R&D timelines with market entry strategies,Optimizing inventory management across multiple markets,Challenges
Major Fear,Failing to secure Series A due to unclear growth strategy,Losing competitive advantage due to delayed commercialization,Rising operational costs affecting profitability margins,Major Fears
Weak Points,Insufficient market research in new regions,Lack of experience in sales and go-to-market execution,Over-reliance on existing suppliers and logistics partners,Negative Info
To Overcome Challenges,Offer strategic sessions with CXOs who have successfully scaled similar businesses,Offer strategic planning with CXOs who have successfully bridged R&D and market needs,Offer advanced analytics and automation strategies to enhance operational efficiency,What and How?
About Challenges,Our current team lacks the experience to manage an international expansion.,We can't afford to lose focus on innovation while scaling commercially.,Cost-cutting shouldn't come at the expense of customer satisfaction.,Real Quotes
Common Objections,How do we ensure the CXOs we collaborate with have specific experience in the European SaaS market?,Can the CXOs from Strategix provide the right balance between deep-tech focus and business development?,How does Strategix ensure the CXOs we work with understand the unique challenges of our e-commerce supply chain and can drive both cost efficiency and customer satisfaction?,Real Quotes
Elevator Pitch,"Strategix provides growth-driven startups with the strategic leadership they need to successfully enter new markets, achieve product-market fit, and raise the next round of funding.","Strategix provides deep-tech startups with the leadership needed to balance cutting-edge research with strategic commercialization, ensuring sustained growth and market penetration.","At Strategix, we provide e-commerce startups with the operational expertise needed to optimize supply chains, reduce costs, and maintain exceptional customer satisfaction, all while scaling your business efficiently.",Marketing & Sales
