Task name,Assignee,Due,Epics
Define GTM Objectives and Key Results (OKRs),,,GTM Strategy Development and Alignment with Product Features
Segment Target Audience and Develop Buyer Personas,,,GTM Strategy Development and Alignment with Product Features
Develop Positioning Statements and Messaging Framework,,,GTM Strategy Development and Alignment with Product Features
Develop Content Marketing and Lead Generation Strategy,,,GTM Strategy Development and Alignment with Product Features
Sales Enablement and Partnership Strategy,,,GTM Strategy Development and Alignment with Product Features
Develop Pre-Launch Landing Pages and Sign-Up Forms,,,Pre-Launch Marketing Content Creation and Campaign Planning
Plan and Execute Teaser Campaigns,,,Pre-Launch Marketing Content Creation and Campaign Planning
Create Pre-Launch Buzz Through PR and Influencer Outreach,,,Pre-Launch Marketing Content Creation and Campaign Planning
Develop Email Drip Campaigns for Early Adopters,,,Pre-Launch Marketing Content Creation and Campaign Planning
Launch Early Access Programs and Exclusive Offers,,,Pre-Launch Marketing Content Creation and Campaign Planning
Build and Train the Sales Team,,,Sales and Partnerships Strategy Development
Develop Strategic Partnership Outreach Plans,,,Sales and Partnerships Strategy Development
Create Sales Playbooks and Scripts,,,Sales and Partnerships Strategy Development
Implement Lead Scoring and Qualification Processes,,,Sales and Partnerships Strategy Development
Plan the Launch Event Format and Agenda,,,Launch Event Planning and Execution
Promote the Launch Event,,,Launch Event Planning and Execution
Execute the Launch Event,,,Launch Event Planning and Execution
Engage and Interact with Attendees,,,Launch Event Planning and Execution
Post-Event Follow-Up and Analysis,,,Launch Event Planning and Execution
Develop and Launch Retargeting Campaigns,,,Post-Launch Marketing and User Acquisition Campaigns
Execute Drip Campaigns for Lead Nurturing,,,Post-Launch Marketing and User Acquisition Campaigns
Launch Product-Led Growth (PLG) Initiatives,,,Post-Launch Marketing and User Acquisition Campaigns
Develop Case Studies and User Testimonials,,,Post-Launch Marketing and User Acquisition Campaigns
Continuously Optimize Marketing and Sales Tactics,,,Post-Launch Marketing and User Acquisition Campaigns
