Name,Aisha Rahman,Meet Patel,Oliver Novak,Tags
How they look like?,Growth-Driven CMO,Turnaround Expert COO,The Strategic Visionary CFO,Info
Current Role,Fractional CMO and Digital Marketing Consultant,Interim COO and Operations Consultant,Fractional CFO and Financial Strategist,Info
"Age, Gender","33, Female","31, Male","52, Male",Demographic
Education,Master's in Digital Marketing,MBA in Operations Management,"MBA in Finance, CPA",Demographic
Income,"$140,000 per year (consulting, digital strategy projects)","$220,000 per year (consulting and interim COO roles)","$250,000 per year (consulting and advisory roles)",Demographic
Marital Status,Single,Single,Married,Demographic
Household Size,1,1,4 (two children),Demographic
Location,"London, UK","Milan, Italy","Zurich, Switzerland",Geographics
Professional background,8 years in digital marketing and growth roles,"12 years in operations, logistics, and supply chain management",25 years in financial strategy and CFO roles,Info
Previous Roles,"CMO at leading e-commerce startups, Digital Strategy Head in SaaS companies","COO at Tech Startups , Head of Operations at manufacturing firms","CFO for multinational companies, Head of Corporate Finance in leading banks",Info
Preferred Engagement Types,"Fractional, project-based, advisory roles focused on brand growth, customer acquisition, and digital transformation","Interim, project-based, turnaround roles focused on operational restructuring and scalability","Fractional, advisory, project-based engagements focused on financial restructuring, fundraising, and M&A.",Info
Preferred Industries,"SaaS, E-Commerce, FinTech, EdTech","IT Tech, Manufacturing, E-Commerce, Logistics, HealthTech","FinTech, HealthTech, SaaS, Deep-Tech",Info
Spending Habits,"Invests in digital marketing tools, analytics, and lead generation platforms","Invests in process optimization tools, ERP systems, and team management software","Invests in financial tools, market intelligence platforms, and continuous education (e.g., financial certifications)",Behavioral
Purchase Habits,Seeks innovative tools that provide a competitive edge in growth hacking and digital strategy,"Prefers tools that enhance operational efficiency, reduce costs, and streamline workflows",Prioritizes software that offers deep financial insights and data security,Behavioral
Decision-Making,"Agile and iterative; relies on A/B testing, market analytics, and consumer behavior data","Data and process-driven, focuses on optimizing workflows and operational efficiency","Data-driven; relies on financial modeling, market analysis, and risk assessments",Behavioral
Personality,"Creative, results-driven, dynamic","Detail-oriented, efficiency-focused, strategic","Analytical, methodical, forward-thinking",Psychographic
Lifestyle,"Highly engaged in digital marketing communities and events, active on LinkedIn and marketing forums","Active in operations and logistics forums, enjoys process optimization challenges","Balances work with family, attends economic forums and finance summits",Psychographic
Attitude,Open to experimentation but focused on ROI; values data-driven results,"Prefers engagements where he can make tangible, process-based improvements",Cautious about taking on clients without clear financial health; values transparency,Psychographic
Soft-skills,"Creativity, communication, adaptability","Leadership, strategic planning, change management","Negotiation, strategic planning, communication",Psychographic
Primary Goals,Build high-impact digital marketing strategies for startups to drive customer acquisition and retention,Engage with startups needing operational turnarounds or scaling assistance,Engage with startups that need strategic financial planning and fundraising,Goals
Secondary Goals,"Establish herself as a top CMO in the startup ecosystem, specializing in high-growth strategies",Build a reputation as a top COO for startup transformations,Build a portfolio of successful engagements leading to board advisory roles,Goals
Primary Challenge,Finding startups that are ready for innovative marketing strategies and have the budget to execute them,Avoiding startups that resist process changes or lack the culture to implement operational improvements,Finding startups that are financially sound and aligned with his strategic approach,Challenges
Secondary Challenge,Avoiding engagements where marketing goals are not aligned with overall business goals,Ensuring clear alignment on operational goals and expected outcomes,Ensuring clarity in deliverables and role expectations from the outset,Challenges
Top Concern,Engaging with startups without a defined target market or product-market fit,Being brought into startups with deep-rooted inefficiencies that are not addressable within his scope,Engaging with startups lacking financial transparency or viability,Major Fears
Major Fear,Ineffective campaigns due to lack of internal alignment or resources,Poor engagement outcomes due to lack of alignment or buy-in from startup leadership,Reputation risk due to unsuccessful engagements with startups that fail financially,Major Fears
About Goals,I thrive on helping startups scale quickly with data-driven marketing strategies.,"My passion is helping businesses grow across borders, but they need to be truly ready to commit to the expansion.",I want to help startups create financial strategies that secure funding and fuel growth.,Real Quotes
About Challenges,I need to know the startup is ready to commit to a robust marketing approach.,I need to be sure that the startups I work with have the right resources and a clear strategy for entering new markets.,I need to be sure of a startup’s financial integrity before committing,Real Quotes
Marketing Message,Strategix connects innovative CMOs with high-growth startups ready to invest in data-driven marketing strategies that accelerate customer acquisition and retention.,"Strategix connects commercial leaders with startups ready to expand into new markets, ensuring strategic alignment and robust growth plans for successful international ventures.","Strategix connects experienced CFOs with financially sound startups that need strategic guidance, ensuring impactful engagements with clear deliverables.",Marketing & Sales
Elevator Pitch,"Strategix connects dynamic CMOs like Aisha with startups eager to scale fast, ensuring well-aligned engagements that leverage her expertise in data-driven marketing for rapid growth.","Strategix provides CCOs like Karim with opportunities to drive market expansion for startups looking to grow globally, ensuring engagements that lead to meaningful partnerships and sustainable growth","Strategix connects experienced CFOs like Oliver with pre-vetted, financially sound startups needing strategic guidance, ensuring impactful engagements with clear deliverables and growth-focused outcomes.",Marketing & Sales
Demeanor,"Energetic, enthusiastic about growth opportunities","Practical, systematic, direct","Confident, numbers-driven, detail-oriented",Identifiers
Weak Points,Less experience in non-digital marketing channels,"Less adaptable to highly creative, non-structured environments",Less flexible when working with highly creative or experimental teams,Negative Info
Communication Preferences,"Energetic, enthusiastic about growth opportunities","Prefers structured, goal-oriented discussions","Prefers formal, data-backed discussions",Identifiers
Strong Points,"Digital strategy, brand development, growth hacking","Process improvement, cost reduction, team restructuring","Financial modeling, strategic planning, fundraising",Identifiers
Negative Habits,"Can get overly focused on the creative aspect, potentially losing sight of budget constraints. Occasionally overestimates a startup’s readiness for aggressive marketing tactics","• Sometimes overly aggressive in pursuing market entry strategies that may not be sustainable
• Can overlook operational details while focusing on high-level strategic moves",Overanalyzes financial data which can lead to delayed decision-making. Reluctant to engage with startups without robust financial controls,Negative Info
Common Objectives,How will Strategix ensure the startups I work with are ready for aggressive marketing strategies?,Can Strategix ensure that I engage with startups who have both the readiness and the resources for market expansion?,How does Strategix ensure that the startups I engage with are financially viable and aligned with my approach?,Negative Info
,,,,
