Pain point,Category,Consequences,Current Process,For Whom,Impact,No of Occurrences,Opportunity,Probable Solution,Urgency / Impact Level,Why?
"Difficulty finding consistent, impactful projects that match their expertise and career goals.",Project Acquisition,"Time wasted on unsuitable projects or roles.

Burnout or dissatisfaction from repetitive, non-strategic engagements.

Missed opportunities for projects that could leverage their full skill set.","Rely on personal networks or word of mouth.

Use general consulting platforms (e.g., Upwork, Toptal), which often lack high-quality, executive-level opportunities.

Cold outreach to startups or VCs, which is time-consuming and inefficient.","Senior executives (CXOs) seeking part-time, interim, or fractional roles across various industries.",Financial instability due to unpredictable project flow; frustration from taking on low-impact or poorly matched roles,"Frequently, especially for niche or highly specialized CXOs.","Create a trusted, go-to platform for senior executives looking for flexible, impactful work.

Reduce friction in project acquisition, boosting satisfaction and retention of top-tier CXOs.","Strategix platform curates high-quality, vetted projects based on CXO expertise, experience, and preferred engagement style (interim, fractional, project-based).

AI-driven matching to reduce time spent on project search and increase relevance.",High,"Fragmented market and lack of specialized, high-quality project marketplaces catering specifically to CXO-level executives."
"High uncertainty regarding the startup’s financial stability, leadership culture, and potential for success.",Risk Management,"Hesitance to engage with lesser-known startups.

Missed opportunities with potentially great startups due to lack of transparency.

Reduced trust in startups and platforms.","Conducting their own due diligence (e.g., financial analysis, background checks on founders).

Relying on feedback from their network or references, which may not always be accurate or up-to-date.",Risk-averse CXOs or those who have faced challenges in prior engagements.,Risk of reputational damage and financial loss if the startup fails or pivots abruptly.,"Regularly, particularly with early-stage startups or those in unstable markets.","Build a transparent, trusted marketplace where CXOs feel confident in engaging with vetted startups.","Strategix offers a detailed vetting and rating system for startups, including financial stability scores, founder backgrounds, and culture fits.

Option for CXOs to review past engagements and feedback to gauge potential risks better.",Medium,"Insufficient reliable data on startup viability and lack of standardized, accessible due diligence resources."
Ambiguity in role expectations and deliverables when engaging with startups.,Role Clarity and Expectations,"Conflicts between CXOs and startup teams regarding expectations.

Poor outcomes due to unclear goals, leading to reputational risks for both parties.","Lengthy negotiations on scope and deliverables, often without clear benchmarks.

Dependence on vague contracts or verbal agreements.","CXOs who prefer clarity and structured engagements; startups seeking clear, efficient onboarding of CXOs.","Misalignment leads to dissatisfaction, conflict, and underperformance.","Often, especially with rapidly evolving startups.","Set industry standards for fractional and interim executive roles, ensuring consistent, high-quality engagements.","Clear engagement templates and standardized contracts provided by Strategix, with pre-defined KPIs and deliverables tailored to specific roles and startup needs.",High,"Startups often lack experience in defining executive roles clearly, and CXOs need clarity to align with business goals effectively."
Unpredictable income flow due to inconsistent project acquisition and lack of long-term engagements.,Income Stability and Pipeline Management,"Reduced job satisfaction and burnout from taking on mismatched roles.

High turnover in projects, leading to a lack of continuity and deeper impact.","Relying on sporadic engagements from consulting marketplaces.

Accepting projects below their expertise level to maintain cash flow.",CXOs who prioritize consistent income and career stability over short-term gains.,"Financial insecurity, stress, and reduced ability to plan for personal or professional growth.","Very frequently, especially for independent CXOs without a solid client base.",Position Strategix as the premier platform that reduces uncertainty and offers income stability to top-tier CXOs.,"Strategix platform offering a subscription model for startups that ensures a steady pipeline of projects for CXOs.

Retainer-based agreements where CXOs get a minimum guaranteed income for fractional services over a set period.",Very High,"The gig economy is inherently unstable, and many CXOs lack the time or resources to build a consistent client pipeline."
"High friction during onboarding due to misaligned expectations, unclear scopes of work, and cultural mismatches.",Client Onboarding and Alignment,"Frustration and inefficiencies in the initial phases, leading to strained relationships.

Potential early termination of contracts due to dissatisfaction or unmet expectations.","Lengthy meetings to align expectations, often leading to scope creep or vague deliverables.

Manual contract negotiations and lack of standardized agreements.",CXOs who prefer clarity and well-defined roles from the start.,"Prolonged onboarding times, reduced effectiveness, and potential disengagement from both parties.","Often, especially with startups that are new to fractional executive services.","Establish Strategix as a platform that simplifies the onboarding process, making it faster, smoother, and less risky.","Strategix to provide automated onboarding processes with clear scope definitions, deliverables, and cultural alignment checks.

AI-powered contract generators that standardize terms while allowing for flexibility.",High,"Many CXOs face repetitive onboarding challenges that drain time and resources, impacting overall productivity."
Risk of reputational damage from associating with poorly managed or failing startups.,Reputation Management and Credibility,"Limited opportunities and hesitance to engage with potentially high-growth startups.

CXOs might reject promising projects due to perceived risks.","Conducting extensive due diligence on each potential engagement.

Avoiding early-stage startups with less visibility or proven success.",Seasoned CXOs and those who have faced reputation challenges in the past.,Long-term impact on personal brand and future opportunities; loss of trust from their network.,"Frequently, especially in volatile industries like deep-tech or crypto.","Build a trusted environment where both CXOs and startups can engage confidently, knowing they have full transparency.","Strategix introduces a ""Startup Credibility Score"" based on transparent data such as funding rounds, founder experience, and investor backing.

CXOs can choose engagements based on risk levels that align with their reputation management strategies.",Medium,"The executive consulting market values reputation highly, and any negative experience can be damaging."
Difficulty maintaining a work-life balance due to irregular hours and demands from startups in different time zones.,Work-Life Integration and Flexibility,"High rates of burnout and withdrawal from the fractional market.

Reduced effectiveness and overall job satisfaction.","Attempting to set boundaries, which are often breached due to startup urgency or time-zone differences.

Selecting fewer projects, thus impacting income and career progression.",CXOs who value flexibility and are at risk of burnout.,"Increased stress, burnout, and potential for decreased performance over time.","Frequently, especially for global roles or startups with urgent needs.","Differentiate Strategix by prioritizing executive wellbeing, creating a loyal base of CXOs.","Strategix platform includes time-zone alignment tools and predefined engagement hours to ensure work-life integration.

Offer digital wellbeing support and burnout prevention resources.",High,Current platforms focus on project matching without considering personal wellbeing and sustainability.
"Exposure to legal risks, non-payment issues, or disputes over intellectual property created during engagements.",Legal and Financial Protection,"Reduced willingness to engage in new projects due to fear of potential conflicts.

Higher stress levels and administrative burdens.","Hiring external legal advisors to draft custom contracts, which is costly and time-consuming.

Accepting high-risk terms due to a lack of negotiation power.","CXOs looking for safe, hassle-free engagements with startups.","Financial loss, legal fees, and potential reputational damage.","Often, especially with early-stage startups lacking mature legal frameworks.",Attract top CXOs by providing peace of mind and reducing administrative overhead.,"Strategix provides legal and financial protection packages, including insurance for non-payment and legal support for contract disputes.

Standardized, customizable contract templates with built-in protections for CXOs.",Very High,Legal and payment disputes are a significant deterrent for high-caliber executives considering fractional roles.
"Difficulty staying updated with industry trends, new technologies, and skills while managing fractional roles.",Maintaining Professional Development and Industry Relevance,"Reduced competitive edge and slower career growth.

Limited access to high-impact projects requiring the latest knowledge and skills.","Self-directed learning or attending conferences, which can be costly and time-consuming.

Joining professional networks or relying on informal peer groups for updates.",CXOs looking to maintain a cutting-edge profile and remain competitive.,"Risk of becoming outdated, impacting future employability and effectiveness.","Frequently, especially in fast-evolving fields like AI, blockchain, and biotech.","Position Strategix as not just a marketplace, but a career growth hub for CXOs.","Strategix offers continuous learning modules, exclusive webinars, and peer networking events focused on the latest industry trends.

Partnership with industry bodies for certifications and continuous professional development (CPD).",Low,The rapid pace of change in industries means CXOs need to continually upskill to stay relevant.
